1,Sweatshirt - Basic Black S,FILO,2,699,SWEATERS
2,Sweatshirt - Basic Black M,FILO,4,699,SWEATERS
3,Sweatshirt - Basic Black L,FILO,4,699,SWEATERS
4,Sweatshirt - Basic Black XL,FILO,2,699,SWEATERS
5,Joggers - Casual Grey Melange S,Mike,3,599,PANTS
6,Joggers - Casual Grey Melange M,Mike,5,599,PANTS
7,Joggers - Casual Grey Melange L,Mike,5,599,PANTS
8,Joggers - Casual Grey Melange XL,Mike,2,599,PANTS
9,Hoodie - Signature Navy S,DasAdi,4,999,SWEATERS
10,Hoodie - Signature Navy M,DasAdi,8,999,SWEATERS
11,Hoodie - Signature Navy L,DasAdi,8,999,SWEATERS
12,Hoodie - Signature Navy XL,DasAdi,4,999,SWEATERS
13,Socks - Sports Multicolor S,Mike,10,149,ACCESSORIES
14,Socks - Sports Multicolor M,Mike,20,149,ACCESSORIES
15,Socks - Sports Multicolor L,Mike,20,149,ACCESSORIES
16,Socks - Sports Multicolor XL,Mike,15,149,ACCESSORIES
17,Sweatpants - Slacker TieDye S,HarCartt,20,499,PANTS
18,Sweatpants - Slacker TieDye M,HarCartt,30,499,PANTS
19,Sweatpants - Slacker TieDye L,HarCartt,20,499,PANTS
20,Sweatpants - Slacker TieDye XL,HarCartt,10,499,PANTS
21,Beanie - On Top Black One Size,The South Face,200,249,ACCESSORIES
22,Beanie - On Top Grey Melange One Size,The South Face,200,249,ACCESSORIES
23,Beanie - On Top Navy One Size,The South Face,150,249,ACCESSORIES
24,Beanie - On Top Maroon One Size,The South Face,150,249,ACCESSORIES
25,Jeans - 404 Blue Denim 28,Lewis,2,1199,PANTS
26,Jeans - 404 Blue Denim 29,Lewis,3,1199,PANTS
27,Jeans - 404 Blue Denim 30,Lewis,4,1199,PANTS
28,Jeans - 404 Blue Denim 31,Lewis,4,1199,PANTS
29,Jeans - 404 Blue Denim 32,Lewis,4,1199,PANTS
30,Jeans - 404 Blue Denim 33,Lewis,3,1199,PANTS
31,Jeans - 404 Blue Denim 34,Lewis,2,1199,PANTS
32,Jeans - 404 Blue Denim 36,Lewis,1,1199,PANTS
33,Chinos - Unemployed Khaki 28,Hickies,2,899,PANTS
34,Chinos - Unemployed Khaki 29,Hickies,3,899,PANTS
35,Chinos - Unemployed Khaki 30,Hickies,4,899,PANTS
36,Chinos - Unemployed Khaki 31,Hickies,4,899,PANTS
37,Chinos - Unemployed Khaki 32,Hickies,4,899,PANTS
38,Chinos - Unemployed Khaki 33,Hickies,3,899,PANTS
39,Chinos - Unemployed Khaki 34,Hickies,2,899,PANTS
40,Chinos - Unemployed Khaki 36,Hickies,1,899,PANTS
41,Sneakers - Runner White 35,bAsics,2,1499,FOOTWEAR
42,Sneakers - Runner White 36,bAsics,3,1499,FOOTWEAR
43,Sneakers - Runner White 37,bAsics,4,1499,FOOTWEAR
44,Sneakers - Runner White 38,bAsics,5,1499,FOOTWEAR
45,Sneakers - Runner White 39,bAsics,5,1499,FOOTWEAR
46,Sneakers - Runner White 40,bAsics,5,1499,FOOTWEAR
47,Sneakers - Runner White 41,bAsics,5,1499,FOOTWEAR
48,Sneakers - Runner White 42,bAsics,5,1499,FOOTWEAR
49,Sneakers - Runner White 43,bAsics,4,1499,FOOTWEAR
50,Sneakers - Runner White 44,bAsics,3,1499,FOOTWEAR
51,Sneakers - Runner White 45,bAsics,2,1499,FOOTWEAR
52,Boots - 7inch Wheat 35,Lumberland,2,1899,FOOTWEAR
53,Boots - 7inch Wheat 36,Lumberland,3,1899,FOOTWEAR
54,Boots - 7inch Wheat 37,Lumberland,4,1899,FOOTWEAR
55,Boots - 7inch Wheat 38,Lumberland,5,1899,FOOTWEAR
56,Boots - 7inch Wheat 39,Lumberland,5,1899,FOOTWEAR
57,Boots - 7inch Wheat 40,Lumberland,5,1899,FOOTWEAR
58,Boots - 7inch Wheat 41,Lumberland,5,1899,FOOTWEAR
59,Boots - 7inch Wheat 42,Lumberland,5,1899,FOOTWEAR
60,Boots - 7inch Wheat 43,Lumberland,4,1899,FOOTWEAR
61,Boots - 7inch Wheat 44,Lumberland,3,1899,FOOTWEAR
62,Boots - 7inch Wheat 45,Lumberland,2,1899,FOOTWEAR
